name,latitude,longitude,threshold,event_date,geps_init_date,lead_time_days,event_flag,amd_tmp_min,percentile
Honbetsu,43.133400,143.562300,-1.0,2025-04-20,2025-04-20,0,0,5.70,0.0
Honbetsu,43.133400,143.562300,-1.0,2025-04-21,2025-04-20,1,0,1.80,0.0
Honbetsu,43.133400,143.562300,-1.0,2025-04-22,2025-04-20,2,0,1.40,0.0
Honbetsu,43.133400,143.562300,-1.0,2025-04-23,2025-04-20,3,0,2.90,0.0
Honbetsu,43.133400,143.562300,-1.0,2025-04-24,2025-04-20,4,0,5.80,0.2
Honbetsu,43.133400,143.562300,-1.0,2025-04-25,2025-04-20,5,0,2.60,0.1
Honbetsu,43.133400,143.562300,-1.0,2025-04-26,2025-04-20,6,1,-1.50,0.0
Honbetsu,43.133400,143.562300,-1.0,2025-04-27,2025-04-20,7,0,-0.60,0.5
Honbetsu,43.133400,143.562300,-1.0,2025-04-28,2025-04-20,8,1,-2.50,0.1
Honbetsu,43.133400,143.562300,-1.0,2025-04-29,2025-04-20,9,0,0.60,0.7
Honbetsu,43.133400,143.562300,-1.0,2025-04-30,2025-04-20,10,0,0.80,1.1
Honbetsu,43.133400,143.562300,-1.0,2025-05-01,2025-04-20,11,0,0.40,0.4
Honbetsu,43.133400,143.562300,-1.0,2025-05-02,2025-04-20,12,0,3.90,0.7
Honbetsu,43.133400,143.562300,-1.0,2025-05-03,2025-04-20,13,0,8.10,0.3
Honbetsu,43.133400,143.562300,-1.0,2025-05-04,2025-04-20,14,0,6.20,0.3
Honbetsu,43.133400,143.562300,-1.0,2025-05-05,2025-04-20,15,0,3.80,0.1
Honbetsu,43.133400,143.562300,-1.0,2025-05-06,2025-04-20,16,0,0.00,0.4
Honbetsu,43.133400,143.562300,3.0,2025-04-20,2025-04-20,0,0,5.70,0.0
Honbetsu,43.133400,143.562300,3.0,2025-04-21,2025-04-20,1,1,1.80,2.9
Honbetsu,43.133400,143.562300,3.0,2025-04-22,2025-04-20,2,1,1.40,28.3
Honbetsu,43.133400,143.562300,3.0,2025-04-23,2025-04-20,3,1,2.90,48.9
Honbetsu,43.133400,143.562300,3.0,2025-04-24,2025-04-20,4,0,5.80,18.9
Honbetsu,43.133400,143.562300,3.0,2025-04-25,2025-04-20,5,1,2.60,18.4
Honbetsu,43.133400,143.562300,3.0,2025-04-26,2025-04-20,6,1,-1.50,0.0
Honbetsu,43.133400,143.562300,3.0,2025-04-27,2025-04-20,7,1,-0.60,1.1
Honbetsu,43.133400,143.562300,3.0,2025-04-28,2025-04-20,8,1,-2.50,0.1
Honbetsu,43.133400,143.562300,3.0,2025-04-29,2025-04-20,9,1,0.60,5.3
Honbetsu,43.133400,143.562300,3.0,2025-04-30,2025-04-20,10,1,0.80,6.9
Honbetsu,43.133400,143.562300,3.0,2025-05-01,2025-04-20,11,1,0.40,2.1
Honbetsu,43.133400,143.562300,3.0,2025-05-02,2025-04-20,12,0,3.90,16.2
Honbetsu,43.133400,143.562300,3.0,2025-05-03,2025-04-20,13,0,8.10,11.7
Honbetsu,43.133400,143.562300,3.0,2025-05-04,2025-04-20,14,0,6.20,10.6
Honbetsu,43.133400,143.562300,3.0,2025-05-05,2025-04-20,15,0,3.80,7.9
Honbetsu,43.133400,143.562300,3.0,2025-05-06,2025-04-20,16,1,0.00,0.9
Date,42.493500,140.866200,-1.0,2025-04-20,2025-04-20,0,0,6.60,0.0
Date,42.493500,140.866200,-1.0,2025-04-21,2025-04-20,1,0,4.50,0.0
Date,42.493500,140.866200,-1.0,2025-04-22,2025-04-20,2,0,3.20,0.0
Date,42.493500,140.866200,-1.0,2025-04-23,2025-04-20,3,0,5.70,0.0
Date,42.493500,140.866200,-1.0,2025-04-24,2025-04-20,4,0,8.00,0.0
Date,42.493500,140.866200,-1.0,2025-04-25,2025-04-20,5,0,4.70,0.0
Date,42.493500,140.866200,-1.0,2025-04-26,2025-04-20,6,0,1.20,0.0
Date,42.493500,140.866200,-1.0,2025-04-27,2025-04-20,7,0,3.60,0.0
Date,42.493500,140.866200,-1.0,2025-04-28,2025-04-20,8,0,0.90,0.0
Date,42.493500,140.866200,-1.0,2025-04-29,2025-04-20,9,0,5.20,0.0
Date,42.493500,140.866200,-1.0,2025-04-30,2025-04-20,10,0,2.40,0.0
Date,42.493500,140.866200,-1.0,2025-05-01,2025-04-20,11,0,0.30,0.0
Date,42.493500,140.866200,-1.0,2025-05-02,2025-04-20,12,0,9.20,0.0
Date,42.493500,140.866200,-1.0,2025-05-03,2025-04-20,13,0,8.50,0.0
Date,42.493500,140.866200,-1.0,2025-05-04,2025-04-20,14,0,5.60,0.0
Date,42.493500,140.866200,-1.0,2025-05-05,2025-04-20,15,0,6.90,0.0
Date,42.493500,140.866200,-1.0,2025-05-06,2025-04-20,16,0,4.30,0.0
Date,42.493500,140.866200,3.0,2025-04-20,2025-04-20,0,0,6.60,0.0
Date,42.493500,140.866200,3.0,2025-04-21,2025-04-20,1,0,4.50,0.0
Date,42.493500,140.866200,3.0,2025-04-22,2025-04-20,2,0,3.20,0.0
Date,42.493500,140.866200,3.0,2025-04-23,2025-04-20,3,0,5.70,0.0
Date,42.493500,140.866200,3.0,2025-04-24,2025-04-20,4,0,8.00,0.0
Date,42.493500,140.866200,3.0,2025-04-25,2025-04-20,5,0,4.70,0.0
Date,42.493500,140.866200,3.0,2025-04-26,2025-04-20,6,1,1.20,0.0
Date,42.493500,140.866200,3.0,2025-04-27,2025-04-20,7,0,3.60,0.2
Date,42.493500,140.866200,3.0,2025-04-28,2025-04-20,8,1,0.90,0.0
Date,42.493500,140.866200,3.0,2025-04-29,2025-04-20,9,0,5.20,0.2
Date,42.493500,140.866200,3.0,2025-04-30,2025-04-20,10,1,2.40,0.2
Date,42.493500,140.866200,3.0,2025-05-01,2025-04-20,11,1,0.30,0.0
Date,42.493500,140.866200,3.0,2025-05-02,2025-04-20,12,0,9.20,0.1
Date,42.493500,140.866200,3.0,2025-05-03,2025-04-20,13,0,8.50,0.0
Date,42.493500,140.866200,3.0,2025-05-04,2025-04-20,14,0,5.60,0.0
Date,42.493500,140.866200,3.0,2025-05-05,2025-04-20,15,0,6.90,0.1
Date,42.493500,140.866200,3.0,2025-05-06,2025-04-20,16,0,4.30,0.0
Kitami,43.770900,143.820100,-1.0,2025-04-20,2025-04-20,0,0,3.80,0.0
Kitami,43.770900,143.820100,-1.0,2025-04-21,2025-04-20,1,0,0.60,0.0
Kitami,43.770900,143.820100,-1.0,2025-04-22,2025-04-20,2,0,0.80,1.2
Kitami,43.770900,143.820100,-1.0,2025-04-23,2025-04-20,3,0,2.10,1.7
Kitami,43.770900,143.820100,-1.0,2025-04-24,2025-04-20,4,0,-0.90,1.9
Kitami,43.770900,143.820100,-1.0,2025-04-25,2025-04-20,5,0,3.40,6.1
Kitami,43.770900,143.820100,-1.0,2025-04-26,2025-04-20,6,0,-0.70,2.3
Kitami,43.770900,143.820100,-1.0,2025-04-27,2025-04-20,7,1,-1.30,0.9
Kitami,43.770900,143.820100,-1.0,2025-04-28,2025-04-20,8,0,-0.30,8.6
Kitami,43.770900,143.820100,-1.0,2025-04-29,2025-04-20,9,0,-0.20,3.5
Kitami,43.770900,143.820100,-1.0,2025-04-30,2025-04-20,10,0,-0.20,2.8
Kitami,43.770900,143.820100,-1.0,2025-05-01,2025-04-20,11,0,-0.30,1.4
Kitami,43.770900,143.820100,-1.0,2025-05-02,2025-04-20,12,0,2.20,1.4
Kitami,43.770900,143.820100,-1.0,2025-05-03,2025-04-20,13,0,7.90,1.6
Kitami,43.770900,143.820100,-1.0,2025-05-04,2025-04-20,14,0,3.50,1.9
Kitami,43.770900,143.820100,-1.0,2025-05-05,2025-04-20,15,0,2.70,1.7
Kitami,43.770900,143.820100,-1.0,2025-05-06,2025-04-20,16,0,1.40,1.3
Kitami,43.770900,143.820100,3.0,2025-04-20,2025-04-20,0,0,3.80,0.0
Kitami,43.770900,143.820100,3.0,2025-04-21,2025-04-20,1,1,0.60,49.1
Kitami,43.770900,143.820100,3.0,2025-04-22,2025-04-20,2,1,0.80,97.9
Kitami,43.770900,143.820100,3.0,2025-04-23,2025-04-20,3,1,2.10,60.0
Kitami,43.770900,143.820100,3.0,2025-04-24,2025-04-20,4,1,-0.90,2.2
Kitami,43.770900,143.820100,3.0,2025-04-25,2025-04-20,5,0,3.40,57.6
Kitami,43.770900,143.820100,3.0,2025-04-26,2025-04-20,6,1,-0.70,3.3
Kitami,43.770900,143.820100,3.0,2025-04-27,2025-04-20,7,1,-1.30,0.9
Kitami,43.770900,143.820100,3.0,2025-04-28,2025-04-20,8,1,-0.30,14.0
Kitami,43.770900,143.820100,3.0,2025-04-29,2025-04-20,9,1,-0.20,6.8
Kitami,43.770900,143.820100,3.0,2025-04-30,2025-04-20,10,1,-0.20,5.4
Kitami,43.770900,143.820100,3.0,2025-05-01,2025-04-20,11,1,-0.30,2.4
Kitami,43.770900,143.820100,3.0,2025-05-02,2025-04-20,12,1,2.20,12.5
Kitami,43.770900,143.820100,3.0,2025-05-03,2025-04-20,13,0,7.90,20.5
Kitami,43.770900,143.820100,3.0,2025-05-04,2025-04-20,14,0,3.50,18.3
Kitami,43.770900,143.820100,3.0,2025-05-05,2025-04-20,15,1,2.70,15.1
Kitami,43.770900,143.820100,3.0,2025-05-06,2025-04-20,16,1,1.40,5.5
Chitose,42.923800,141.772500,-1.0,2025-04-20,2025-04-20,0,0,5.40,0.0
Chitose,42.923800,141.772500,-1.0,2025-04-21,2025-04-20,1,0,2.20,0.0
Chitose,42.923800,141.772500,-1.0,2025-04-22,2025-04-20,2,0,1.40,0.0
Chitose,42.923800,141.772500,-1.0,2025-04-23,2025-04-20,3,0,3.70,0.0
Chitose,42.923800,141.772500,-1.0,2025-04-24,2025-04-20,4,0,4.70,0.0
Chitose,42.923800,141.772500,-1.0,2025-04-25,2025-04-20,5,0,2.50,0.0
Chitose,42.923800,141.772500,-1.0,2025-04-26,2025-04-20,6,0,2.00,0.0
Chitose,42.923800,141.772500,-1.0,2025-04-27,2025-04-20,7,0,1.40,0.1
Chitose,42.923800,141.772500,-1.0,2025-04-28,2025-04-20,8,0,-0.70,0.0
Chitose,42.923800,141.772500,-1.0,2025-04-29,2025-04-20,9,0,2.60,0.0
Chitose,42.923800,141.772500,-1.0,2025-04-30,2025-04-20,10,0,0.90,0.0
Chitose,42.923800,141.772500,-1.0,2025-05-01,2025-04-20,11,0,-0.90,0.0
Chitose,42.923800,141.772500,-1.0,2025-05-02,2025-04-20,12,0,8.00,0.0
Chitose,42.923800,141.772500,-1.0,2025-05-03,2025-04-20,13,0,8.60,0.0
Chitose,42.923800,141.772500,-1.0,2025-05-04,2025-04-20,14,0,6.80,0.0
Chitose,42.923800,141.772500,-1.0,2025-05-05,2025-04-20,15,0,5.60,0.0
Chitose,42.923800,141.772500,-1.0,2025-05-06,2025-04-20,16,0,4.90,0.0
Chitose,42.923800,141.772500,3.0,2025-04-20,2025-04-20,0,0,5.40,0.0
Chitose,42.923800,141.772500,3.0,2025-04-21,2025-04-20,1,1,2.20,0.0
Chitose,42.923800,141.772500,3.0,2025-04-22,2025-04-20,2,1,1.40,13.5
Chitose,42.923800,141.772500,3.0,2025-04-23,2025-04-20,3,0,3.70,2.0
Chitose,42.923800,141.772500,3.0,2025-04-24,2025-04-20,4,0,4.70,0.4
Chitose,42.923800,141.772500,3.0,2025-04-25,2025-04-20,5,1,2.50,0.2
Chitose,42.923800,141.772500,3.0,2025-04-26,2025-04-20,6,1,2.00,1.6
Chitose,42.923800,141.772500,3.0,2025-04-27,2025-04-20,7,1,1.40,5.9
Chitose,42.923800,141.772500,3.0,2025-04-28,2025-04-20,8,1,-0.70,0.1
Chitose,42.923800,141.772500,3.0,2025-04-29,2025-04-20,9,1,2.60,7.1
Chitose,42.923800,141.772500,3.0,2025-04-30,2025-04-20,10,1,0.90,1.0
Chitose,42.923800,141.772500,3.0,2025-05-01,2025-04-20,11,1,-0.90,0.0
Chitose,42.923800,141.772500,3.0,2025-05-02,2025-04-20,12,0,8.00,3.3
Chitose,42.923800,141.772500,3.0,2025-05-03,2025-04-20,13,0,8.60,1.4
Chitose,42.923800,141.772500,3.0,2025-05-04,2025-04-20,14,0,6.80,1.7
Chitose,42.923800,141.772500,3.0,2025-05-05,2025-04-20,15,0,5.60,2.2
Chitose,42.923800,141.772500,3.0,2025-05-06,2025-04-20,16,0,4.90,2.0
Rikubetsu,43.471184,143.757191,-1.0,2025-04-20,2025-04-20,0,0,5.30,0.0
Rikubetsu,43.471184,143.757191,-1.0,2025-04-21,2025-04-20,1,0,0.00,0.0
Rikubetsu,43.471184,143.757191,-1.0,2025-04-22,2025-04-20,2,0,-0.20,0.0
Rikubetsu,43.471184,143.757191,-1.0,2025-04-23,2025-04-20,3,0,0.10,0.0
Rikubetsu,43.471184,143.757191,-1.0,2025-04-24,2025-04-20,4,0,0.10,0.6
Rikubetsu,43.471184,143.757191,-1.0,2025-04-25,2025-04-20,5,0,1.70,0.3
Rikubetsu,43.471184,143.757191,-1.0,2025-04-26,2025-04-20,6,1,-2.20,0.0
Rikubetsu,43.471184,143.757191,-1.0,2025-04-27,2025-04-20,7,1,-1.30,0.2
Rikubetsu,43.471184,143.757191,-1.0,2025-04-28,2025-04-20,8,1,-2.30,0.4
Rikubetsu,43.471184,143.757191,-1.0,2025-04-29,2025-04-20,9,0,0.10,1.9
Rikubetsu,43.471184,143.757191,-1.0,2025-04-30,2025-04-20,10,0,-0.20,2.0
Rikubetsu,43.471184,143.757191,-1.0,2025-05-01,2025-04-20,11,0,0.40,0.9
Rikubetsu,43.471184,143.757191,-1.0,2025-05-02,2025-04-20,12,0,3.30,1.3
Rikubetsu,43.471184,143.757191,-1.0,2025-05-03,2025-04-20,13,0,5.50,0.8
Rikubetsu,43.471184,143.757191,-1.0,2025-05-04,2025-04-20,14,0,3.60,0.7
Rikubetsu,43.471184,143.757191,-1.0,2025-05-05,2025-04-20,15,0,0.90,0.7
Rikubetsu,43.471184,143.757191,-1.0,2025-05-06,2025-04-20,16,0,0.50,0.7
Rikubetsu,43.471184,143.757191,3.0,2025-04-20,2025-04-20,0,0,5.30,0.0
Rikubetsu,43.471184,143.757191,3.0,2025-04-21,2025-04-20,1,1,0.00,1.7
Rikubetsu,43.471184,143.757191,3.0,2025-04-22,2025-04-20,2,1,-0.20,3.5
Rikubetsu,43.471184,143.757191,3.0,2025-04-23,2025-04-20,3,1,0.10,0.0
Rikubetsu,43.471184,143.757191,3.0,2025-04-24,2025-04-20,4,1,0.10,2.7
Rikubetsu,43.471184,143.757191,3.0,2025-04-25,2025-04-20,5,1,1.70,14.7
Rikubetsu,43.471184,143.757191,3.0,2025-04-26,2025-04-20,6,1,-2.20,0.0
Rikubetsu,43.471184,143.757191,3.0,2025-04-27,2025-04-20,7,1,-1.30,0.2
Rikubetsu,43.471184,143.757191,3.0,2025-04-28,2025-04-20,8,1,-2.30,0.4
Rikubetsu,43.471184,143.757191,3.0,2025-04-29,2025-04-20,9,1,0.10,6.2
Rikubetsu,43.471184,143.757191,3.0,2025-04-30,2025-04-20,10,1,-0.20,4.2
Rikubetsu,43.471184,143.757191,3.0,2025-05-01,2025-04-20,11,1,0.40,3.2
Rikubetsu,43.471184,143.757191,3.0,2025-05-02,2025-04-20,12,0,3.30,19.8
Rikubetsu,43.471184,143.757191,3.0,2025-05-03,2025-04-20,13,0,5.50,15.5
Rikubetsu,43.471184,143.757191,3.0,2025-05-04,2025-04-20,14,0,3.60,13.3
Rikubetsu,43.471184,143.757191,3.0,2025-05-05,2025-04-20,15,1,0.90,3.4
Rikubetsu,43.471184,143.757191,3.0,2025-05-06,2025-04-20,16,1,0.50,2.2
Asyoro,43.471184,143.757191,-1.0,2025-04-20,2025-04-20,0,0,5.30,0.0
Asyoro,43.471184,143.757191,-1.0,2025-04-21,2025-04-20,1,0,0.00,0.0
Asyoro,43.471184,143.757191,-1.0,2025-04-22,2025-04-20,2,0,-0.20,0.0
Asyoro,43.471184,143.757191,-1.0,2025-04-23,2025-04-20,3,0,0.10,0.0
Asyoro,43.471184,143.757191,-1.0,2025-04-24,2025-04-20,4,0,0.10,0.6
Asyoro,43.471184,143.757191,-1.0,2025-04-25,2025-04-20,5,0,1.70,0.3
Asyoro,43.471184,143.757191,-1.0,2025-04-26,2025-04-20,6,1,-2.20,0.0
Asyoro,43.471184,143.757191,-1.0,2025-04-27,2025-04-20,7,1,-1.30,0.2
Asyoro,43.471184,143.757191,-1.0,2025-04-28,2025-04-20,8,1,-2.30,0.4
Asyoro,43.471184,143.757191,-1.0,2025-04-29,2025-04-20,9,0,0.10,1.9
Asyoro,43.471184,143.757191,-1.0,2025-04-30,2025-04-20,10,0,-0.20,2.0
Asyoro,43.471184,143.757191,-1.0,2025-05-01,2025-04-20,11,0,0.40,0.9
Asyoro,43.471184,143.757191,-1.0,2025-05-02,2025-04-20,12,0,3.30,1.3
Asyoro,43.471184,143.757191,-1.0,2025-05-03,2025-04-20,13,0,5.50,0.8
Asyoro,43.471184,143.757191,-1.0,2025-05-04,2025-04-20,14,0,3.60,0.7
Asyoro,43.471184,143.757191,-1.0,2025-05-05,2025-04-20,15,0,0.90,0.7
Asyoro,43.471184,143.757191,-1.0,2025-05-06,2025-04-20,16,0,0.50,0.7
Asyoro,43.471184,143.757191,3.0,2025-04-20,2025-04-20,0,0,5.30,0.0
Asyoro,43.471184,143.757191,3.0,2025-04-21,2025-04-20,1,1,0.00,1.7
Asyoro,43.471184,143.757191,3.0,2025-04-22,2025-04-20,2,1,-0.20,3.5
Asyoro,43.471184,143.757191,3.0,2025-04-23,2025-04-20,3,1,0.10,0.0
Asyoro,43.471184,143.757191,3.0,2025-04-24,2025-04-20,4,1,0.10,2.7
Asyoro,43.471184,143.757191,3.0,2025-04-25,2025-04-20,5,1,1.70,14.7
Asyoro,43.471184,143.757191,3.0,2025-04-26,2025-04-20,6,1,-2.20,0.0
Asyoro,43.471184,143.757191,3.0,2025-04-27,2025-04-20,7,1,-1.30,0.2
Asyoro,43.471184,143.757191,3.0,2025-04-28,2025-04-20,8,1,-2.30,0.4
Asyoro,43.471184,143.757191,3.0,2025-04-29,2025-04-20,9,1,0.10,6.2
Asyoro,43.471184,143.757191,3.0,2025-04-30,2025-04-20,10,1,-0.20,4.2
Asyoro,43.471184,143.757191,3.0,2025-05-01,2025-04-20,11,1,0.40,3.2
Asyoro,43.471184,143.757191,3.0,2025-05-02,2025-04-20,12,0,3.30,19.8
Asyoro,43.471184,143.757191,3.0,2025-05-03,2025-04-20,13,0,5.50,15.5
Asyoro,43.471184,143.757191,3.0,2025-05-04,2025-04-20,14,0,3.60,13.3
Asyoro,43.471184,143.757191,3.0,2025-05-05,2025-04-20,15,1,0.90,3.4
Asyoro,43.471184,143.757191,3.0,2025-05-06,2025-04-20,16,1,0.50,2.2
Kamishihoro,43.237438,143.308896,-1.0,2025-04-20,2025-04-20,0,0,1.80,0.0
Kamishihoro,43.237438,143.308896,-1.0,2025-04-21,2025-04-20,1,0,-0.90,43.8
Kamishihoro,43.237438,143.308896,-1.0,2025-04-22,2025-04-20,2,0,0.00,97.5
Kamishihoro,43.237438,143.308896,-1.0,2025-04-23,2025-04-20,3,0,1.20,31.1
Kamishihoro,43.237438,143.308896,-1.0,2025-04-24,2025-04-20,4,0,5.20,15.0
Kamishihoro,43.237438,143.308896,-1.0,2025-04-25,2025-04-20,5,0,4.20,16.4
Kamishihoro,43.237438,143.308896,-1.0,2025-04-26,2025-04-20,6,1,-2.50,7.6
Kamishihoro,43.237438,143.308896,-1.0,2025-04-27,2025-04-20,7,1,-1.10,52.4
Kamishihoro,43.237438,143.308896,-1.0,2025-04-28,2025-04-20,8,1,-2.60,12.4
Kamishihoro,43.237438,143.308896,-1.0,2025-04-29,2025-04-20,9,0,-0.30,31.0
Kamishihoro,43.237438,143.308896,-1.0,2025-04-30,2025-04-20,10,1,-2.50,9.3
Kamishihoro,43.237438,143.308896,-1.0,2025-05-01,2025-04-20,11,1,-2.10,6.6
Kamishihoro,43.237438,143.308896,-1.0,2025-05-02,2025-04-20,12,0,1.80,11.7
Kamishihoro,43.237438,143.308896,-1.0,2025-05-03,2025-04-20,13,0,6.00,8.8
Kamishihoro,43.237438,143.308896,-1.0,2025-05-04,2025-04-20,14,0,3.20,6.4
Kamishihoro,43.237438,143.308896,-1.0,2025-05-05,2025-04-20,15,0,1.60,4.5
Kamishihoro,43.237438,143.308896,-1.0,2025-05-06,2025-04-20,16,0,0.40,6.7
Kamishihoro,43.237438,143.308896,3.0,2025-04-20,2025-04-20,0,1,1.80,50.0
Kamishihoro,43.237438,143.308896,3.0,2025-04-21,2025-04-20,1,1,-0.90,51.3
Kamishihoro,43.237438,143.308896,3.0,2025-04-22,2025-04-20,2,1,0.00,100.0
Kamishihoro,43.237438,143.308896,3.0,2025-04-23,2025-04-20,3,1,1.20,96.6
Kamishihoro,43.237438,143.308896,3.0,2025-04-24,2025-04-20,4,0,5.20,84.2
Kamishihoro,43.237438,143.308896,3.0,2025-04-25,2025-04-20,5,0,4.20,96.6
Kamishihoro,43.237438,143.308896,3.0,2025-04-26,2025-04-20,6,1,-2.50,7.6
Kamishihoro,43.237438,143.308896,3.0,2025-04-27,2025-04-20,7,1,-1.10,52.4
Kamishihoro,43.237438,143.308896,3.0,2025-04-28,2025-04-20,8,1,-2.60,12.4
Kamishihoro,43.237438,143.308896,3.0,2025-04-29,2025-04-20,9,1,-0.30,44.3
Kamishihoro,43.237438,143.308896,3.0,2025-04-30,2025-04-20,10,1,-2.50,9.3
Kamishihoro,43.237438,143.308896,3.0,2025-05-01,2025-04-20,11,1,-2.10,6.6
Kamishihoro,43.237438,143.308896,3.0,2025-05-02,2025-04-20,12,1,1.80,43.4
Kamishihoro,43.237438,143.308896,3.0,2025-05-03,2025-04-20,13,0,6.00,55.5
Kamishihoro,43.237438,143.308896,3.0,2025-05-04,2025-04-20,14,0,3.20,51.5
Kamishihoro,43.237438,143.308896,3.0,2025-05-05,2025-04-20,15,1,1.60,24.2
Kamishihoro,43.237438,143.308896,3.0,2025-05-06,2025-04-20,16,1,0.40,14.3
Ikeda,42.990216,143.443579,-1.0,2025-04-20,2025-04-20,0,0,6.30,0.0
Ikeda,42.990216,143.443579,-1.0,2025-04-21,2025-04-20,1,0,2.30,0.0
Ikeda,42.990216,143.443579,-1.0,2025-04-22,2025-04-20,2,0,0.20,0.0
Ikeda,42.990216,143.443579,-1.0,2025-04-23,2025-04-20,3,0,3.80,0.0
Ikeda,42.990216,143.443579,-1.0,2025-04-24,2025-04-20,4,0,6.40,0.1
Ikeda,42.990216,143.443579,-1.0,2025-04-25,2025-04-20,5,0,5.60,0.0
Ikeda,42.990216,143.443579,-1.0,2025-04-26,2025-04-20,6,0,-0.10,0.0
Ikeda,42.990216,143.443579,-1.0,2025-04-27,2025-04-20,7,1,-1.30,0.1
Ikeda,42.990216,143.443579,-1.0,2025-04-28,2025-04-20,8,0,-0.80,0.5
Ikeda,42.990216,143.443579,-1.0,2025-04-29,2025-04-20,9,0,0.50,0.3
Ikeda,42.990216,143.443579,-1.0,2025-04-30,2025-04-20,10,0,0.80,0.5
Ikeda,42.990216,143.443579,-1.0,2025-05-01,2025-04-20,11,1,-1.90,0.1
Ikeda,42.990216,143.443579,-1.0,2025-05-02,2025-04-20,12,0,4.30,0.4
Ikeda,42.990216,143.443579,-1.0,2025-05-03,2025-04-20,13,0,7.20,0.1
Ikeda,42.990216,143.443579,-1.0,2025-05-04,2025-04-20,14,0,5.60,0.1
Ikeda,42.990216,143.443579,-1.0,2025-05-05,2025-04-20,15,0,3.30,0.1
Ikeda,42.990216,143.443579,-1.0,2025-05-06,2025-04-20,16,0,0.50,0.2
Ikeda,42.990216,143.443579,3.0,2025-04-20,2025-04-20,0,0,6.30,0.0
Ikeda,42.990216,143.443579,3.0,2025-04-21,2025-04-20,1,1,2.30,1.9
Ikeda,42.990216,143.443579,3.0,2025-04-22,2025-04-20,2,1,0.20,0.0
Ikeda,42.990216,143.443579,3.0,2025-04-23,2025-04-20,3,0,3.80,26.2
Ikeda,42.990216,143.443579,3.0,2025-04-24,2025-04-20,4,0,6.40,11.7
Ikeda,42.990216,143.443579,3.0,2025-04-25,2025-04-20,5,0,5.60,15.1
Ikeda,42.990216,143.443579,3.0,2025-04-26,2025-04-20,6,1,-0.10,0.2
Ikeda,42.990216,143.443579,3.0,2025-04-27,2025-04-20,7,1,-1.30,0.1
Ikeda,42.990216,143.443579,3.0,2025-04-28,2025-04-20,8,1,-0.80,0.7
Ikeda,42.990216,143.443579,3.0,2025-04-29,2025-04-20,9,1,0.50,2.4
Ikeda,42.990216,143.443579,3.0,2025-04-30,2025-04-20,10,1,0.80,4.0
Ikeda,42.990216,143.443579,3.0,2025-05-01,2025-04-20,11,1,-1.90,0.1
Ikeda,42.990216,143.443579,3.0,2025-05-02,2025-04-20,12,0,4.30,11.4
Ikeda,42.990216,143.443579,3.0,2025-05-03,2025-04-20,13,0,7.20,7.7
Ikeda,42.990216,143.443579,3.0,2025-05-04,2025-04-20,14,0,5.60,7.0
Ikeda,42.990216,143.443579,3.0,2025-05-05,2025-04-20,15,0,3.30,5.0
Ikeda,42.990216,143.443579,3.0,2025-05-06,2025-04-20,16,1,0.50,0.8
Sarabetsu,42.656893,143.199584,-1.0,2025-04-20,2025-04-20,0,0,5.80,0.0
Sarabetsu,42.656893,143.199584,-1.0,2025-04-21,2025-04-20,1,0,-0.10,0.0
Sarabetsu,42.656893,143.199584,-1.0,2025-04-22,2025-04-20,2,0,-0.60,0.0
Sarabetsu,42.656893,143.199584,-1.0,2025-04-23,2025-04-20,3,0,2.00,0.0
Sarabetsu,42.656893,143.199584,-1.0,2025-04-24,2025-04-20,4,0,5.50,0.3
Sarabetsu,42.656893,143.199584,-1.0,2025-04-25,2025-04-20,5,0,1.70,0.0
Sarabetsu,42.656893,143.199584,-1.0,2025-04-26,2025-04-20,6,0,0.10,0.0
Sarabetsu,42.656893,143.199584,-1.0,2025-04-27,2025-04-20,7,0,-0.30,0.7
Sarabetsu,42.656893,143.199584,-1.0,2025-04-28,2025-04-20,8,0,-0.80,0.8
Sarabetsu,42.656893,143.199584,-1.0,2025-04-29,2025-04-20,9,0,-0.20,0.4
Sarabetsu,42.656893,143.199584,-1.0,2025-04-30,2025-04-20,10,0,0.00,0.7
Sarabetsu,42.656893,143.199584,-1.0,2025-05-01,2025-04-20,11,1,-2.30,0.0
Sarabetsu,42.656893,143.199584,-1.0,2025-05-02,2025-04-20,12,0,2.60,0.1
Sarabetsu,42.656893,143.199584,-1.0,2025-05-03,2025-04-20,13,0,6.70,0.1
Sarabetsu,42.656893,143.199584,-1.0,2025-05-04,2025-04-20,14,0,4.40,0.0
Sarabetsu,42.656893,143.199584,-1.0,2025-05-05,2025-04-20,15,0,4.10,0.1
Sarabetsu,42.656893,143.199584,-1.0,2025-05-06,2025-04-20,16,0,3.20,0.1
Sarabetsu,42.656893,143.199584,3.0,2025-04-20,2025-04-20,0,0,5.80,0.0
Sarabetsu,42.656893,143.199584,3.0,2025-04-21,2025-04-20,1,1,-0.10,0.0
Sarabetsu,42.656893,143.199584,3.0,2025-04-22,2025-04-20,2,1,-0.60,0.0
Sarabetsu,42.656893,143.199584,3.0,2025-04-23,2025-04-20,3,1,2.00,3.4
Sarabetsu,42.656893,143.199584,3.0,2025-04-24,2025-04-20,4,0,5.50,18.5
Sarabetsu,42.656893,143.199584,3.0,2025-04-25,2025-04-20,5,1,1.70,2.0
Sarabetsu,42.656893,143.199584,3.0,2025-04-26,2025-04-20,6,1,0.10,0.3
Sarabetsu,42.656893,143.199584,3.0,2025-04-27,2025-04-20,7,1,-0.30,2.1
Sarabetsu,42.656893,143.199584,3.0,2025-04-28,2025-04-20,8,1,-0.80,1.0
Sarabetsu,42.656893,143.199584,3.0,2025-04-29,2025-04-20,9,1,-0.20,1.1
Sarabetsu,42.656893,143.199584,3.0,2025-04-30,2025-04-20,10,1,0.00,2.2
Sarabetsu,42.656893,143.199584,3.0,2025-05-01,2025-04-20,11,1,-2.30,0.0
Sarabetsu,42.656893,143.199584,3.0,2025-05-02,2025-04-20,12,1,2.60,5.0
Sarabetsu,42.656893,143.199584,3.0,2025-05-03,2025-04-20,13,0,6.70,5.9
Sarabetsu,42.656893,143.199584,3.0,2025-05-04,2025-04-20,14,0,4.40,4.1
Sarabetsu,42.656893,143.199584,3.0,2025-05-05,2025-04-20,15,0,4.10,4.8
Sarabetsu,42.656893,143.199584,3.0,2025-05-06,2025-04-20,16,0,3.20,5.1
Memuro,42.656893,143.199584,-1.0,2025-04-20,2025-04-20,0,0,5.80,0.0
Memuro,42.656893,143.199584,-1.0,2025-04-21,2025-04-20,1,0,-0.10,0.0
Memuro,42.656893,143.199584,-1.0,2025-04-22,2025-04-20,2,0,-0.60,0.0
Memuro,42.656893,143.199584,-1.0,2025-04-23,2025-04-20,3,0,2.00,0.0
Memuro,42.656893,143.199584,-1.0,2025-04-24,2025-04-20,4,0,5.50,0.3
Memuro,42.656893,143.199584,-1.0,2025-04-25,2025-04-20,5,0,1.70,0.0
Memuro,42.656893,143.199584,-1.0,2025-04-26,2025-04-20,6,0,0.10,0.0
Memuro,42.656893,143.199584,-1.0,2025-04-27,2025-04-20,7,0,-0.30,0.7
Memuro,42.656893,143.199584,-1.0,2025-04-28,2025-04-20,8,0,-0.80,0.8
Memuro,42.656893,143.199584,-1.0,2025-04-29,2025-04-20,9,0,-0.20,0.4
Memuro,42.656893,143.199584,-1.0,2025-04-30,2025-04-20,10,0,0.00,0.7
Memuro,42.656893,143.199584,-1.0,2025-05-01,2025-04-20,11,1,-2.30,0.0
Memuro,42.656893,143.199584,-1.0,2025-05-02,2025-04-20,12,0,2.60,0.1
Memuro,42.656893,143.199584,-1.0,2025-05-03,2025-04-20,13,0,6.70,0.1
Memuro,42.656893,143.199584,-1.0,2025-05-04,2025-04-20,14,0,4.40,0.0
Memuro,42.656893,143.199584,-1.0,2025-05-05,2025-04-20,15,0,4.10,0.1
Memuro,42.656893,143.199584,-1.0,2025-05-06,2025-04-20,16,0,3.20,0.1
Memuro,42.656893,143.199584,3.0,2025-04-20,2025-04-20,0,0,5.80,0.0
Memuro,42.656893,143.199584,3.0,2025-04-21,2025-04-20,1,1,-0.10,0.0
Memuro,42.656893,143.199584,3.0,2025-04-22,2025-04-20,2,1,-0.60,0.0
Memuro,42.656893,143.199584,3.0,2025-04-23,2025-04-20,3,1,2.00,3.4
Memuro,42.656893,143.199584,3.0,2025-04-24,2025-04-20,4,0,5.50,18.5
Memuro,42.656893,143.199584,3.0,2025-04-25,2025-04-20,5,1,1.70,2.0
Memuro,42.656893,143.199584,3.0,2025-04-26,2025-04-20,6,1,0.10,0.3
Memuro,42.656893,143.199584,3.0,2025-04-27,2025-04-20,7,1,-0.30,2.1
Memuro,42.656893,143.199584,3.0,2025-04-28,2025-04-20,8,1,-0.80,1.0
Memuro,42.656893,143.199584,3.0,2025-04-29,2025-04-20,9,1,-0.20,1.1
Memuro,42.656893,143.199584,3.0,2025-04-30,2025-04-20,10,1,0.00,2.2
Memuro,42.656893,143.199584,3.0,2025-05-01,2025-04-20,11,1,-2.30,0.0
Memuro,42.656893,143.199584,3.0,2025-05-02,2025-04-20,12,1,2.60,5.0
Memuro,42.656893,143.199584,3.0,2025-05-03,2025-04-20,13,0,6.70,5.9
Memuro,42.656893,143.199584,3.0,2025-05-04,2025-04-20,14,0,4.40,4.1
Memuro,42.656893,143.199584,3.0,2025-05-05,2025-04-20,15,0,4.10,4.8
Memuro,42.656893,143.199584,3.0,2025-05-06,2025-04-20,16,0,3.20,5.1
Oketo,43.697422,143.620209,-1.0,2025-04-20,2025-04-20,0,0,3.90,0.0
Oketo,43.697422,143.620209,-1.0,2025-04-21,2025-04-20,1,0,0.20,0.0
Oketo,43.697422,143.620209,-1.0,2025-04-22,2025-04-20,2,0,0.00,33.3
Oketo,43.697422,143.620209,-1.0,2025-04-23,2025-04-20,3,0,3.60,1.0
Oketo,43.697422,143.620209,-1.0,2025-04-24,2025-04-20,4,0,-0.20,3.9
Oketo,43.697422,143.620209,-1.0,2025-04-25,2025-04-20,5,0,1.60,5.0
Oketo,43.697422,143.620209,-1.0,2025-04-26,2025-04-20,6,0,-0.10,4.1
Oketo,43.697422,143.620209,-1.0,2025-04-27,2025-04-20,7,0,0.30,3.3
Oketo,43.697422,143.620209,-1.0,2025-04-28,2025-04-20,8,1,-2.20,4.1
Oketo,43.697422,143.620209,-1.0,2025-04-29,2025-04-20,9,0,0.20,5.4
Oketo,43.697422,143.620209,-1.0,2025-04-30,2025-04-20,10,0,-0.10,4.7
Oketo,43.697422,143.620209,-1.0,2025-05-01,2025-04-20,11,0,0.60,2.2
Oketo,43.697422,143.620209,-1.0,2025-05-02,2025-04-20,12,0,3.40,3.0
Oketo,43.697422,143.620209,-1.0,2025-05-03,2025-04-20,13,0,8.30,1.8
Oketo,43.697422,143.620209,-1.0,2025-05-04,2025-04-20,14,0,4.30,2.2
Oketo,43.697422,143.620209,-1.0,2025-05-05,2025-04-20,15,0,3.90,3.2
Oketo,43.697422,143.620209,-1.0,2025-05-06,2025-04-20,16,0,2.00,2.1
Oketo,43.697422,143.620209,3.0,2025-04-20,2025-04-20,0,0,3.90,0.0
Oketo,43.697422,143.620209,3.0,2025-04-21,2025-04-20,1,1,0.20,97.8
Oketo,43.697422,143.620209,3.0,2025-04-22,2025-04-20,2,1,0.00,94.0
Oketo,43.697422,143.620209,3.0,2025-04-23,2025-04-20,3,0,3.60,93.1
Oketo,43.697422,143.620209,3.0,2025-04-24,2025-04-20,4,1,-0.20,10.0
Oketo,43.697422,143.620209,3.0,2025-04-25,2025-04-20,5,1,1.60,36.9
Oketo,43.697422,143.620209,3.0,2025-04-26,2025-04-20,6,1,-0.10,11.2
Oketo,43.697422,143.620209,3.0,2025-04-27,2025-04-20,7,1,0.30,20.5
Oketo,43.697422,143.620209,3.0,2025-04-28,2025-04-20,8,1,-2.20,4.1
Oketo,43.697422,143.620209,3.0,2025-04-29,2025-04-20,9,1,0.20,13.6
Oketo,43.697422,143.620209,3.0,2025-04-30,2025-04-20,10,1,-0.10,9.1
Oketo,43.697422,143.620209,3.0,2025-05-01,2025-04-20,11,1,0.60,6.7
Oketo,43.697422,143.620209,3.0,2025-05-02,2025-04-20,12,0,3.40,27.7
Oketo,43.697422,143.620209,3.0,2025-05-03,2025-04-20,13,0,8.30,23.2
Oketo,43.697422,143.620209,3.0,2025-05-04,2025-04-20,14,0,4.30,20.8
Oketo,43.697422,143.620209,3.0,2025-05-05,2025-04-20,15,0,3.90,22.9
Oketo,43.697422,143.620209,3.0,2025-05-06,2025-04-20,16,1,2.00,10.3
Bihoro,43.812070,144.135932,-1.0,2025-04-20,2025-04-20,0,0,3.50,0.0
Bihoro,43.812070,144.135932,-1.0,2025-04-21,2025-04-20,1,0,0.60,0.0
Bihoro,43.812070,144.135932,-1.0,2025-04-22,2025-04-20,2,0,0.30,6.2
Bihoro,43.812070,144.135932,-1.0,2025-04-23,2025-04-20,3,0,0.30,3.0
Bihoro,43.812070,144.135932,-1.0,2025-04-24,2025-04-20,4,1,-1.80,0.9
Bihoro,43.812070,144.135932,-1.0,2025-04-25,2025-04-20,5,0,3.50,7.8
Bihoro,43.812070,144.135932,-1.0,2025-04-26,2025-04-20,6,0,0.90,3.3
Bihoro,43.812070,144.135932,-1.0,2025-04-27,2025-04-20,7,0,0.50,2.5
Bihoro,43.812070,144.135932,-1.0,2025-04-28,2025-04-20,8,0,0.30,10.7
Bihoro,43.812070,144.135932,-1.0,2025-04-29,2025-04-20,9,0,0.40,4.6
Bihoro,43.812070,144.135932,-1.0,2025-04-30,2025-04-20,10,0,0.40,3.6
Bihoro,43.812070,144.135932,-1.0,2025-05-01,2025-04-20,11,0,0.30,1.7
Bihoro,43.812070,144.135932,-1.0,2025-05-02,2025-04-20,12,0,4.10,1.8
Bihoro,43.812070,144.135932,-1.0,2025-05-03,2025-04-20,13,0,8.70,2.0
Bihoro,43.812070,144.135932,-1.0,2025-05-04,2025-04-20,14,0,5.20,2.3
Bihoro,43.812070,144.135932,-1.0,2025-05-05,2025-04-20,15,0,3.80,2.1
Bihoro,43.812070,144.135932,-1.0,2025-05-06,2025-04-20,16,0,3.50,1.6
Bihoro,43.812070,144.135932,3.0,2025-04-20,2025-04-20,0,0,3.50,0.6
Bihoro,43.812070,144.135932,3.0,2025-04-21,2025-04-20,1,1,0.60,93.3
Bihoro,43.812070,144.135932,3.0,2025-04-22,2025-04-20,2,1,0.30,94.1
Bihoro,43.812070,144.135932,3.0,2025-04-23,2025-04-20,3,1,0.30,18.6
Bihoro,43.812070,144.135932,3.0,2025-04-24,2025-04-20,4,1,-1.80,0.9
Bihoro,43.812070,144.135932,3.0,2025-04-25,2025-04-20,5,0,3.50,62.6
Bihoro,43.812070,144.135932,3.0,2025-04-26,2025-04-20,6,1,0.90,20.2
Bihoro,43.812070,144.135932,3.0,2025-04-27,2025-04-20,7,1,0.50,17.4
Bihoro,43.812070,144.135932,3.0,2025-04-28,2025-04-20,8,1,0.30,23.7
Bihoro,43.812070,144.135932,3.0,2025-04-29,2025-04-20,9,1,0.40,12.9
Bihoro,43.812070,144.135932,3.0,2025-04-30,2025-04-20,10,1,0.40,10.0
Bihoro,43.812070,144.135932,3.0,2025-05-01,2025-04-20,11,1,0.30,4.4
Bihoro,43.812070,144.135932,3.0,2025-05-02,2025-04-20,12,0,4.10,21.6
Bihoro,43.812070,144.135932,3.0,2025-05-03,2025-04-20,13,0,8.70,23.5
Bihoro,43.812070,144.135932,3.0,2025-05-04,2025-04-20,14,0,5.20,20.7
Bihoro,43.812070,144.135932,3.0,2025-05-05,2025-04-20,15,0,3.80,19.6
Bihoro,43.812070,144.135932,3.0,2025-05-06,2025-04-20,16,0,3.50,13.4
Mori,42.076431,140.586743,-1.0,2025-04-20,2025-04-20,0,0,3.70,0.0
Mori,42.076431,140.586743,-1.0,2025-04-21,2025-04-20,1,0,2.10,0.0
Mori,42.076431,140.586743,-1.0,2025-04-22,2025-04-20,2,0,1.70,0.0
Mori,42.076431,140.586743,-1.0,2025-04-23,2025-04-20,3,0,6.00,0.0
Mori,42.076431,140.586743,-1.0,2025-04-24,2025-04-20,4,0,6.90,0.0
Mori,42.076431,140.586743,-1.0,2025-04-25,2025-04-20,5,0,7.40,0.0
Mori,42.076431,140.586743,-1.0,2025-04-26,2025-04-20,6,0,7.00,0.0
Mori,42.076431,140.586743,-1.0,2025-04-27,2025-04-20,7,0,2.70,0.0
Mori,42.076431,140.586743,-1.0,2025-04-28,2025-04-20,8,0,0.80,0.0
Mori,42.076431,140.586743,-1.0,2025-04-29,2025-04-20,9,0,5.30,0.1
Mori,42.076431,140.586743,-1.0,2025-04-30,2025-04-20,10,0,2.00,0.3
Mori,42.076431,140.586743,-1.0,2025-05-01,2025-04-20,11,0,0.60,0.1
Mori,42.076431,140.586743,-1.0,2025-05-02,2025-04-20,12,0,6.20,0.0
Mori,42.076431,140.586743,-1.0,2025-05-03,2025-04-20,13,0,9.50,0.0
Mori,42.076431,140.586743,-1.0,2025-05-04,2025-04-20,14,0,6.80,0.0
Mori,42.076431,140.586743,-1.0,2025-05-05,2025-04-20,15,0,7.40,0.0
Mori,42.076431,140.586743,-1.0,2025-05-06,2025-04-20,16,0,6.20,0.0
Mori,42.076431,140.586743,3.0,2025-04-20,2025-04-20,0,0,3.70,0.0
Mori,42.076431,140.586743,3.0,2025-04-21,2025-04-20,1,1,2.10,0.0
Mori,42.076431,140.586743,3.0,2025-04-22,2025-04-20,2,1,1.70,8.8
Mori,42.076431,140.586743,3.0,2025-04-23,2025-04-20,3,0,6.00,1.3
Mori,42.076431,140.586743,3.0,2025-04-24,2025-04-20,4,0,6.90,8.2
Mori,42.076431,140.586743,3.0,2025-04-25,2025-04-20,5,0,7.40,6.2
Mori,42.076431,140.586743,3.0,2025-04-26,2025-04-20,6,0,7.00,15.2
Mori,42.076431,140.586743,3.0,2025-04-27,2025-04-20,7,1,2.70,25.1
Mori,42.076431,140.586743,3.0,2025-04-28,2025-04-20,8,1,0.80,0.3
Mori,42.076431,140.586743,3.0,2025-04-29,2025-04-20,9,0,5.30,23.6
Mori,42.076431,140.586743,3.0,2025-04-30,2025-04-20,10,1,2.00,9.8
Mori,42.076431,140.586743,3.0,2025-05-01,2025-04-20,11,1,0.60,1.1
Mori,42.076431,140.586743,3.0,2025-05-02,2025-04-20,12,0,6.20,9.0
Mori,42.076431,140.586743,3.0,2025-05-03,2025-04-20,13,0,9.50,6.1
Mori,42.076431,140.586743,3.0,2025-05-04,2025-04-20,14,0,6.80,3.8
Mori,42.076431,140.586743,3.0,2025-05-05,2025-04-20,15,0,7.40,6.7
Mori,42.076431,140.586743,3.0,2025-05-06,2025-04-20,16,0,6.20,4.1
Honbetsu,43.133400,143.562300,-1.0,2025-04-21,2025-04-21,0,0,1.80,0.0
Honbetsu,43.133400,143.562300,-1.0,2025-04-22,2025-04-21,1,0,1.40,0.0
Honbetsu,43.133400,143.562300,-1.0,2025-04-23,2025-04-21,2,0,2.90,0.0
Honbetsu,43.133400,143.562300,-1.0,2025-04-24,2025-04-21,3,0,5.80,0.0
Honbetsu,43.133400,143.562300,-1.0,2025-04-25,2025-04-21,4,0,2.60,0.0
Honbetsu,43.133400,143.562300,-1.0,2025-04-26,2025-04-21,5,1,-1.50,0.0
Honbetsu,43.133400,143.562300,-1.0,2025-04-27,2025-04-21,6,0,-0.60,0.0
Honbetsu,43.133400,143.562300,-1.0,2025-04-28,2025-04-21,7,1,-2.50,0.2
Honbetsu,43.133400,143.562300,-1.0,2025-04-29,2025-04-21,8,0,0.60,1.3
Honbetsu,43.133400,143.562300,-1.0,2025-04-30,2025-04-21,9,0,0.80,0.6
Honbetsu,43.133400,143.562300,-1.0,2025-05-01,2025-04-21,10,0,0.40,0.6
Honbetsu,43.133400,143.562300,-1.0,2025-05-02,2025-04-21,11,0,3.90,0.7
Honbetsu,43.133400,143.562300,-1.0,2025-05-03,2025-04-21,12,0,8.10,0.4
Honbetsu,43.133400,143.562300,-1.0,2025-05-04,2025-04-21,13,0,6.20,0.8
Honbetsu,43.133400,143.562300,-1.0,2025-05-05,2025-04-21,14,0,3.80,0.3
Honbetsu,43.133400,143.562300,-1.0,2025-05-06,2025-04-21,15,0,0.00,0.2
Honbetsu,43.133400,143.562300,-1.0,2025-05-07,2025-04-21,16,0,3.10,0.2
Honbetsu,43.133400,143.562300,3.0,2025-04-21,2025-04-21,0,1,1.80,50.0
Honbetsu,43.133400,143.562300,3.0,2025-04-22,2025-04-21,1,1,1.40,95.8
Honbetsu,43.133400,143.562300,3.0,2025-04-23,2025-04-21,2,1,2.90,84.7
Honbetsu,43.133400,143.562300,3.0,2025-04-24,2025-04-21,3,0,5.80,13.3
Honbetsu,43.133400,143.562300,3.0,2025-04-25,2025-04-21,4,1,2.60,5.8
Honbetsu,43.133400,143.562300,3.0,2025-04-26,2025-04-21,5,1,-1.50,0.0
Honbetsu,43.133400,143.562300,3.0,2025-04-27,2025-04-21,6,1,-0.60,0.1
Honbetsu,43.133400,143.562300,3.0,2025-04-28,2025-04-21,7,1,-2.50,0.2
Honbetsu,43.133400,143.562300,3.0,2025-04-29,2025-04-21,8,1,0.60,8.0
Honbetsu,43.133400,143.562300,3.0,2025-04-30,2025-04-21,9,1,0.80,5.2
Honbetsu,43.133400,143.562300,3.0,2025-05-01,2025-04-21,10,1,0.40,3.1
Honbetsu,43.133400,143.562300,3.0,2025-05-02,2025-04-21,11,0,3.90,24.0
Honbetsu,43.133400,143.562300,3.0,2025-05-03,2025-04-21,12,0,8.10,18.2
Honbetsu,43.133400,143.562300,3.0,2025-05-04,2025-04-21,13,0,6.20,20.6
Honbetsu,43.133400,143.562300,3.0,2025-05-05,2025-04-21,14,0,3.80,12.3
Honbetsu,43.133400,143.562300,3.0,2025-05-06,2025-04-21,15,1,0.00,0.6
Honbetsu,43.133400,143.562300,3.0,2025-05-07,2025-04-21,16,0,3.10,8.8
Date,42.493500,140.866200,-1.0,2025-04-21,2025-04-21,0,0,4.50,0.0
Date,42.493500,140.866200,-1.0,2025-04-22,2025-04-21,1,0,3.20,0.0
Date,42.493500,140.866200,-1.0,2025-04-23,2025-04-21,2,0,5.70,0.0
Date,42.493500,140.866200,-1.0,2025-04-24,2025-04-21,3,0,8.00,0.0
Date,42.493500,140.866200,-1.0,2025-04-25,2025-04-21,4,0,4.70,0.0
Date,42.493500,140.866200,-1.0,2025-04-26,2025-04-21,5,0,1.20,0.0
Date,42.493500,140.866200,-1.0,2025-04-27,2025-04-21,6,0,3.60,0.0
Date,42.493500,140.866200,-1.0,2025-04-28,2025-04-21,7,0,0.90,0.0
Date,42.493500,140.866200,-1.0,2025-04-29,2025-04-21,8,0,5.20,0.0
Date,42.493500,140.866200,-1.0,2025-04-30,2025-04-21,9,0,2.40,0.0
Date,42.493500,140.866200,-1.0,2025-05-01,2025-04-21,10,0,0.30,0.0
Date,42.493500,140.866200,-1.0,2025-05-02,2025-04-21,11,0,9.20,0.0
Date,42.493500,140.866200,-1.0,2025-05-03,2025-04-21,12,0,8.50,0.0
Date,42.493500,140.866200,-1.0,2025-05-04,2025-04-21,13,0,5.60,0.0
Date,42.493500,140.866200,-1.0,2025-05-05,2025-04-21,14,0,6.90,0.0
Date,42.493500,140.866200,-1.0,2025-05-06,2025-04-21,15,0,4.30,0.0
Date,42.493500,140.866200,-1.0,2025-05-07,2025-04-21,16,0,4.00,0.0
Date,42.493500,140.866200,3.0,2025-04-21,2025-04-21,0,0,4.50,0.0
Date,42.493500,140.866200,3.0,2025-04-22,2025-04-21,1,0,3.20,5.3
Date,42.493500,140.866200,3.0,2025-04-23,2025-04-21,2,0,5.70,0.0
Date,42.493500,140.866200,3.0,2025-04-24,2025-04-21,3,0,8.00,0.0
Date,42.493500,140.866200,3.0,2025-04-25,2025-04-21,4,0,4.70,0.0
Date,42.493500,140.866200,3.0,2025-04-26,2025-04-21,5,1,1.20,0.0
Date,42.493500,140.866200,3.0,2025-04-27,2025-04-21,6,0,3.60,0.5
Date,42.493500,140.866200,3.0,2025-04-28,2025-04-21,7,1,0.90,0.0
Date,42.493500,140.866200,3.0,2025-04-29,2025-04-21,8,0,5.20,1.4
Date,42.493500,140.866200,3.0,2025-04-30,2025-04-21,9,1,2.40,1.4
Date,42.493500,140.866200,3.0,2025-05-01,2025-04-21,10,1,0.30,0.0
Date,42.493500,140.866200,3.0,2025-05-02,2025-04-21,11,0,9.20,1.2
Date,42.493500,140.866200,3.0,2025-05-03,2025-04-21,12,0,8.50,0.6
Date,42.493500,140.866200,3.0,2025-05-04,2025-04-21,13,0,5.60,0.6
Date,42.493500,140.866200,3.0,2025-05-05,2025-04-21,14,0,6.90,0.1
Date,42.493500,140.866200,3.0,2025-05-06,2025-04-21,15,0,4.30,0.1
Date,42.493500,140.866200,3.0,2025-05-07,2025-04-21,16,0,4.00,0.1
Kitami,43.770900,143.820100,-1.0,2025-04-21,2025-04-21,0,0,0.60,0.0
Kitami,43.770900,143.820100,-1.0,2025-04-22,2025-04-21,1,0,0.80,0.0
Kitami,43.770900,143.820100,-1.0,2025-04-23,2025-04-21,2,0,2.10,0.0
Kitami,43.770900,143.820100,-1.0,2025-04-24,2025-04-21,3,0,-0.90,0.8
Kitami,43.770900,143.820100,-1.0,2025-04-25,2025-04-21,4,0,3.40,0.1
Kitami,43.770900,143.820100,-1.0,2025-04-26,2025-04-21,5,0,-0.70,0.1
Kitami,43.770900,143.820100,-1.0,2025-04-27,2025-04-21,6,1,-1.30,0.5
Kitami,43.770900,143.820100,-1.0,2025-04-28,2025-04-21,7,0,-0.30,5.5
Kitami,43.770900,143.820100,-1.0,2025-04-29,2025-04-21,8,0,-0.20,1.8
Kitami,43.770900,143.820100,-1.0,2025-04-30,2025-04-21,9,0,-0.20,1.8
Kitami,43.770900,143.820100,-1.0,2025-05-01,2025-04-21,10,0,-0.30,2.6
Kitami,43.770900,143.820100,-1.0,2025-05-02,2025-04-21,11,0,2.20,0.5
Kitami,43.770900,143.820100,-1.0,2025-05-03,2025-04-21,12,0,7.90,1.0
Kitami,43.770900,143.820100,-1.0,2025-05-04,2025-04-21,13,0,3.50,1.4
Kitami,43.770900,143.820100,-1.0,2025-05-05,2025-04-21,14,0,2.70,0.7
Kitami,43.770900,143.820100,-1.0,2025-05-06,2025-04-21,15,0,1.40,0.4
Kitami,43.770900,143.820100,-1.0,2025-05-07,2025-04-21,16,0,1.10,0.6
Kitami,43.770900,143.820100,3.0,2025-04-21,2025-04-21,0,1,0.60,50.0
Kitami,43.770900,143.820100,3.0,2025-04-22,2025-04-21,1,1,0.80,100.0
Kitami,43.770900,143.820100,3.0,2025-04-23,2025-04-21,2,1,2.10,20.4
Kitami,43.770900,143.820100,3.0,2025-04-24,2025-04-21,3,1,-0.90,0.9
Kitami,43.770900,143.820100,3.0,2025-04-25,2025-04-21,4,0,3.40,28.3
Kitami,43.770900,143.820100,3.0,2025-04-26,2025-04-21,5,1,-0.70,0.2
Kitami,43.770900,143.820100,3.0,2025-04-27,2025-04-21,6,1,-1.30,0.5
Kitami,43.770900,143.820100,3.0,2025-04-28,2025-04-21,7,1,-0.30,11.9
Kitami,43.770900,143.820100,3.0,2025-04-29,2025-04-21,8,1,-0.20,4.2
Kitami,43.770900,143.820100,3.0,2025-04-30,2025-04-21,9,1,-0.20,3.8
Kitami,43.770900,143.820100,3.0,2025-05-01,2025-04-21,10,1,-0.30,4.2
Kitami,43.770900,143.820100,3.0,2025-05-02,2025-04-21,11,1,2.20,9.0
Kitami,43.770900,143.820100,3.0,2025-05-03,2025-04-21,12,0,7.90,19.0
Kitami,43.770900,143.820100,3.0,2025-05-04,2025-04-21,13,0,3.50,20.2
Kitami,43.770900,143.820100,3.0,2025-05-05,2025-04-21,14,1,2.70,10.4
Kitami,43.770900,143.820100,3.0,2025-05-06,2025-04-21,15,1,1.40,3.5
Kitami,43.770900,143.820100,3.0,2025-05-07,2025-04-21,16,1,1.10,3.1
Chitose,42.923800,141.772500,-1.0,2025-04-21,2025-04-21,0,0,2.20,0.0
Chitose,42.923800,141.772500,-1.0,2025-04-22,2025-04-21,1,0,1.40,0.0
Chitose,42.923800,141.772500,-1.0,2025-04-23,2025-04-21,2,0,3.70,0.0
Chitose,42.923800,141.772500,-1.0,2025-04-24,2025-04-21,3,0,4.70,0.0
Chitose,42.923800,141.772500,-1.0,2025-04-25,2025-04-21,4,0,2.50,0.0
Chitose,42.923800,141.772500,-1.0,2025-04-26,2025-04-21,5,0,2.00,0.0
Chitose,42.923800,141.772500,-1.0,2025-04-27,2025-04-21,6,0,1.40,0.0
Chitose,42.923800,141.772500,-1.0,2025-04-28,2025-04-21,7,0,-0.70,0.6
Chitose,42.923800,141.772500,-1.0,2025-04-29,2025-04-21,8,0,2.60,0.1
Chitose,42.923800,141.772500,-1.0,2025-04-30,2025-04-21,9,0,0.90,0.1
Chitose,42.923800,141.772500,-1.0,2025-05-01,2025-04-21,10,0,-0.90,0.0
Chitose,42.923800,141.772500,-1.0,2025-05-02,2025-04-21,11,0,8.00,0.0
Chitose,42.923800,141.772500,-1.0,2025-05-03,2025-04-21,12,0,8.60,0.0
Chitose,42.923800,141.772500,-1.0,2025-05-04,2025-04-21,13,0,6.80,0.0
Chitose,42.923800,141.772500,-1.0,2025-05-05,2025-04-21,14,0,5.60,0.0
Chitose,42.923800,141.772500,-1.0,2025-05-06,2025-04-21,15,0,4.90,0.0
Chitose,42.923800,141.772500,-1.0,2025-05-07,2025-04-21,16,0,3.90,0.0
Chitose,42.923800,141.772500,3.0,2025-04-21,2025-04-21,0,1,2.20,50.0
Chitose,42.923800,141.772500,3.0,2025-04-22,2025-04-21,1,1,1.40,100.0
Chitose,42.923800,141.772500,3.0,2025-04-23,2025-04-21,2,0,3.70,28.1
Chitose,42.923800,141.772500,3.0,2025-04-24,2025-04-21,3,0,4.70,2.0
Chitose,42.923800,141.772500,3.0,2025-04-25,2025-04-21,4,1,2.50,0.2
Chitose,42.923800,141.772500,3.0,2025-04-26,2025-04-21,5,1,2.00,3.1
Chitose,42.923800,141.772500,3.0,2025-04-27,2025-04-21,6,1,1.40,3.5
Chitose,42.923800,141.772500,3.0,2025-04-28,2025-04-21,7,1,-0.70,1.2
Chitose,42.923800,141.772500,3.0,2025-04-29,2025-04-21,8,1,2.60,15.7
Chitose,42.923800,141.772500,3.0,2025-04-30,2025-04-21,9,1,0.90,1.7
Chitose,42.923800,141.772500,3.0,2025-05-01,2025-04-21,10,1,-0.90,0.0
Chitose,42.923800,141.772500,3.0,2025-05-02,2025-04-21,11,0,8.00,10.8
Chitose,42.923800,141.772500,3.0,2025-05-03,2025-04-21,12,0,8.60,9.1
Chitose,42.923800,141.772500,3.0,2025-05-04,2025-04-21,13,0,6.80,10.1
Chitose,42.923800,141.772500,3.0,2025-05-05,2025-04-21,14,0,5.60,3.4
Chitose,42.923800,141.772500,3.0,2025-05-06,2025-04-21,15,0,4.90,2.8
Chitose,42.923800,141.772500,3.0,2025-05-07,2025-04-21,16,0,3.90,3.4
Rikubetsu,43.471184,143.757191,-1.0,2025-04-21,2025-04-21,0,0,0.00,0.0
Rikubetsu,43.471184,143.757191,-1.0,2025-04-22,2025-04-21,1,0,-0.20,0.0
Rikubetsu,43.471184,143.757191,-1.0,2025-04-23,2025-04-21,2,0,0.10,0.0
Rikubetsu,43.471184,143.757191,-1.0,2025-04-24,2025-04-21,3,0,0.10,0.2
Rikubetsu,43.471184,143.757191,-1.0,2025-04-25,2025-04-21,4,0,1.70,0.0
Rikubetsu,43.471184,143.757191,-1.0,2025-04-26,2025-04-21,5,1,-2.20,0.0
Rikubetsu,43.471184,143.757191,-1.0,2025-04-27,2025-04-21,6,1,-1.30,0.5
Rikubetsu,43.471184,143.757191,-1.0,2025-04-28,2025-04-21,7,1,-2.30,0.4
Rikubetsu,43.471184,143.757191,-1.0,2025-04-29,2025-04-21,8,0,0.10,2.9
Rikubetsu,43.471184,143.757191,-1.0,2025-04-30,2025-04-21,9,0,-0.20,1.7
Rikubetsu,43.471184,143.757191,-1.0,2025-05-01,2025-04-21,10,0,0.40,2.0
Rikubetsu,43.471184,143.757191,-1.0,2025-05-02,2025-04-21,11,0,3.30,1.5
Rikubetsu,43.471184,143.757191,-1.0,2025-05-03,2025-04-21,12,0,5.50,1.3
Rikubetsu,43.471184,143.757191,-1.0,2025-05-04,2025-04-21,13,0,3.60,1.6
Rikubetsu,43.471184,143.757191,-1.0,2025-05-05,2025-04-21,14,0,0.90,0.9
Rikubetsu,43.471184,143.757191,-1.0,2025-05-06,2025-04-21,15,0,0.50,0.7
Rikubetsu,43.471184,143.757191,-1.0,2025-05-07,2025-04-21,16,1,-1.40,0.3
Rikubetsu,43.471184,143.757191,3.0,2025-04-21,2025-04-21,0,1,0.00,50.0
Rikubetsu,43.471184,143.757191,3.0,2025-04-22,2025-04-21,1,1,-0.20,41.1
Rikubetsu,43.471184,143.757191,3.0,2025-04-23,2025-04-21,2,1,0.10,0.0
Rikubetsu,43.471184,143.757191,3.0,2025-04-24,2025-04-21,3,1,0.10,1.2
Rikubetsu,43.471184,143.757191,3.0,2025-04-25,2025-04-21,4,1,1.70,2.6
Rikubetsu,43.471184,143.757191,3.0,2025-04-26,2025-04-21,5,1,-2.20,0.0
Rikubetsu,43.471184,143.757191,3.0,2025-04-27,2025-04-21,6,1,-1.30,0.5
Rikubetsu,43.471184,143.757191,3.0,2025-04-28,2025-04-21,7,1,-2.30,0.4
Rikubetsu,43.471184,143.757191,3.0,2025-04-29,2025-04-21,8,1,0.10,9.4
Rikubetsu,43.471184,143.757191,3.0,2025-04-30,2025-04-21,9,1,-0.20,4.2
Rikubetsu,43.471184,143.757191,3.0,2025-05-01,2025-04-21,10,1,0.40,6.8
Rikubetsu,43.471184,143.757191,3.0,2025-05-02,2025-04-21,11,0,3.30,29.4
Rikubetsu,43.471184,143.757191,3.0,2025-05-03,2025-04-21,12,0,5.50,25.0
Rikubetsu,43.471184,143.757191,3.0,2025-05-04,2025-04-21,13,0,3.60,25.3
Rikubetsu,43.471184,143.757191,3.0,2025-05-05,2025-04-21,14,1,0.90,4.4
Rikubetsu,43.471184,143.757191,3.0,2025-05-06,2025-04-21,15,1,0.50,2.9
Rikubetsu,43.471184,143.757191,3.0,2025-05-07,2025-04-21,16,1,-1.40,0.3
Asyoro,43.471184,143.757191,-1.0,2025-04-21,2025-04-21,0,0,0.00,0.0
Asyoro,43.471184,143.757191,-1.0,2025-04-22,2025-04-21,1,0,-0.20,0.0
Asyoro,43.471184,143.757191,-1.0,2025-04-23,2025-04-21,2,0,0.10,0.0
Asyoro,43.471184,143.757191,-1.0,2025-04-24,2025-04-21,3,0,0.10,0.2
Asyoro,43.471184,143.757191,-1.0,2025-04-25,2025-04-21,4,0,1.70,0.0
Asyoro,43.471184,143.757191,-1.0,2025-04-26,2025-04-21,5,1,-2.20,0.0
Asyoro,43.471184,143.757191,-1.0,2025-04-27,2025-04-21,6,1,-1.30,0.5
Asyoro,43.471184,143.757191,-1.0,2025-04-28,2025-04-21,7,1,-2.30,0.4
Asyoro,43.471184,143.757191,-1.0,2025-04-29,2025-04-21,8,0,0.10,2.9
Asyoro,43.471184,143.757191,-1.0,2025-04-30,2025-04-21,9,0,-0.20,1.7
Asyoro,43.471184,143.757191,-1.0,2025-05-01,2025-04-21,10,0,0.40,2.0
Asyoro,43.471184,143.757191,-1.0,2025-05-02,2025-04-21,11,0,3.30,1.5
Asyoro,43.471184,143.757191,-1.0,2025-05-03,2025-04-21,12,0,5.50,1.3
Asyoro,43.471184,143.757191,-1.0,2025-05-04,2025-04-21,13,0,3.60,1.6
Asyoro,43.471184,143.757191,-1.0,2025-05-05,2025-04-21,14,0,0.90,0.9
Asyoro,43.471184,143.757191,-1.0,2025-05-06,2025-04-21,15,0,0.50,0.7
Asyoro,43.471184,143.757191,-1.0,2025-05-07,2025-04-21,16,1,-1.40,0.3
Asyoro,43.471184,143.757191,3.0,2025-04-21,2025-04-21,0,1,0.00,50.0
Asyoro,43.471184,143.757191,3.0,2025-04-22,2025-04-21,1,1,-0.20,41.1
Asyoro,43.471184,143.757191,3.0,2025-04-23,2025-04-21,2,1,0.10,0.0
Asyoro,43.471184,143.757191,3.0,2025-04-24,2025-04-21,3,1,0.10,1.2
Asyoro,43.471184,143.757191,3.0,2025-04-25,2025-04-21,4,1,1.70,2.6
Asyoro,43.471184,143.757191,3.0,2025-04-26,2025-04-21,5,1,-2.20,0.0
Asyoro,43.471184,143.757191,3.0,2025-04-27,2025-04-21,6,1,-1.30,0.5
Asyoro,43.471184,143.757191,3.0,2025-04-28,2025-04-21,7,1,-2.30,0.4
Asyoro,43.471184,143.757191,3.0,2025-04-29,2025-04-21,8,1,0.10,9.4
Asyoro,43.471184,143.757191,3.0,2025-04-30,2025-04-21,9,1,-0.20,4.2
Asyoro,43.471184,143.757191,3.0,2025-05-01,2025-04-21,10,1,0.40,6.8
Asyoro,43.471184,143.757191,3.0,2025-05-02,2025-04-21,11,0,3.30,29.4
Asyoro,43.471184,143.757191,3.0,2025-05-03,2025-04-21,12,0,5.50,25.0
Asyoro,43.471184,143.757191,3.0,2025-05-04,2025-04-21,13,0,3.60,25.3
Asyoro,43.471184,143.757191,3.0,2025-05-05,2025-04-21,14,1,0.90,4.4
Asyoro,43.471184,143.757191,3.0,2025-05-06,2025-04-21,15,1,0.50,2.9
Asyoro,43.471184,143.757191,3.0,2025-05-07,2025-04-21,16,1,-1.40,0.3
Kamishihoro,43.237438,143.308896,-1.0,2025-04-21,2025-04-21,0,0,-0.90,27.7
Kamishihoro,43.237438,143.308896,-1.0,2025-04-22,2025-04-21,1,0,0.00,99.7
Kamishihoro,43.237438,143.308896,-1.0,2025-04-23,2025-04-21,2,0,1.20,5.3
Kamishihoro,43.237438,143.308896,-1.0,2025-04-24,2025-04-21,3,0,5.20,2.0
Kamishihoro,43.237438,143.308896,-1.0,2025-04-25,2025-04-21,4,0,4.20,1.0
Kamishihoro,43.237438,143.308896,-1.0,2025-04-26,2025-04-21,5,1,-2.50,1.1
Kamishihoro,43.237438,143.308896,-1.0,2025-04-27,2025-04-21,6,1,-1.10,13.4
Kamishihoro,43.237438,143.308896,-1.0,2025-04-28,2025-04-21,7,1,-2.60,13.3
Kamishihoro,43.237438,143.308896,-1.0,2025-04-29,2025-04-21,8,0,-0.30,21.1
Kamishihoro,43.237438,143.308896,-1.0,2025-04-30,2025-04-21,9,1,-2.50,3.0
Kamishihoro,43.237438,143.308896,-1.0,2025-05-01,2025-04-21,10,1,-2.10,4.6
Kamishihoro,43.237438,143.308896,-1.0,2025-05-02,2025-04-21,11,0,1.80,9.8
Kamishihoro,43.237438,143.308896,-1.0,2025-05-03,2025-04-21,12,0,6.00,6.9
Kamishihoro,43.237438,143.308896,-1.0,2025-05-04,2025-04-21,13,0,3.20,9.1
Kamishihoro,43.237438,143.308896,-1.0,2025-05-05,2025-04-21,14,0,1.60,4.3
Kamishihoro,43.237438,143.308896,-1.0,2025-05-06,2025-04-21,15,0,0.40,3.6
Kamishihoro,43.237438,143.308896,-1.0,2025-05-07,2025-04-21,16,0,4.00,2.7
Kamishihoro,43.237438,143.308896,3.0,2025-04-21,2025-04-21,0,1,-0.90,50.0
Kamishihoro,43.237438,143.308896,3.0,2025-04-22,2025-04-21,1,1,0.00,100.0
Kamishihoro,43.237438,143.308896,3.0,2025-04-23,2025-04-21,2,1,1.20,99.5
Kamishihoro,43.237438,143.308896,3.0,2025-04-24,2025-04-21,3,0,5.20,74.1
Kamishihoro,43.237438,143.308896,3.0,2025-04-25,2025-04-21,4,0,4.20,74.5
Kamishihoro,43.237438,143.308896,3.0,2025-04-26,2025-04-21,5,1,-2.50,1.1
Kamishihoro,43.237438,143.308896,3.0,2025-04-27,2025-04-21,6,1,-1.10,13.4
Kamishihoro,43.237438,143.308896,3.0,2025-04-28,2025-04-21,7,1,-2.60,13.3
Kamishihoro,43.237438,143.308896,3.0,2025-04-29,2025-04-21,8,1,-0.30,33.6
Kamishihoro,43.237438,143.308896,3.0,2025-04-30,2025-04-21,9,1,-2.50,3.0
Kamishihoro,43.237438,143.308896,3.0,2025-05-01,2025-04-21,10,1,-2.10,4.6
Kamishihoro,43.237438,143.308896,3.0,2025-05-02,2025-04-21,11,1,1.80,47.9
Kamishihoro,43.237438,143.308896,3.0,2025-05-03,2025-04-21,12,0,6.00,55.8
Kamishihoro,43.237438,143.308896,3.0,2025-05-04,2025-04-21,13,0,3.20,57.9
Kamishihoro,43.237438,143.308896,3.0,2025-05-05,2025-04-21,14,1,1.60,23.7
Kamishihoro,43.237438,143.308896,3.0,2025-05-06,2025-04-21,15,1,0.40,10.8
Kamishihoro,43.237438,143.308896,3.0,2025-05-07,2025-04-21,16,0,4.00,35.0
Ikeda,42.990216,143.443579,-1.0,2025-04-21,2025-04-21,0,0,2.30,0.0
Ikeda,42.990216,143.443579,-1.0,2025-04-22,2025-04-21,1,0,0.20,0.0
Ikeda,42.990216,143.443579,-1.0,2025-04-23,2025-04-21,2,0,3.80,0.0
Ikeda,42.990216,143.443579,-1.0,2025-04-24,2025-04-21,3,0,6.40,0.0
Ikeda,42.990216,143.443579,-1.0,2025-04-25,2025-04-21,4,0,5.60,0.0
Ikeda,42.990216,143.443579,-1.0,2025-04-26,2025-04-21,5,0,-0.10,0.0
Ikeda,42.990216,143.443579,-1.0,2025-04-27,2025-04-21,6,1,-1.30,0.0
Ikeda,42.990216,143.443579,-1.0,2025-04-28,2025-04-21,7,0,-0.80,1.4
Ikeda,42.990216,143.443579,-1.0,2025-04-29,2025-04-21,8,0,0.50,0.7
Ikeda,42.990216,143.443579,-1.0,2025-04-30,2025-04-21,9,0,0.80,0.3
Ikeda,42.990216,143.443579,-1.0,2025-05-01,2025-04-21,10,1,-1.90,0.1
Ikeda,42.990216,143.443579,-1.0,2025-05-02,2025-04-21,11,0,4.30,0.4
Ikeda,42.990216,143.443579,-1.0,2025-05-03,2025-04-21,12,0,7.20,0.2
Ikeda,42.990216,143.443579,-1.0,2025-05-04,2025-04-21,13,0,5.60,0.5
Ikeda,42.990216,143.443579,-1.0,2025-05-05,2025-04-21,14,0,3.30,0.2
Ikeda,42.990216,143.443579,-1.0,2025-05-06,2025-04-21,15,0,0.50,0.1
Ikeda,42.990216,143.443579,-1.0,2025-05-07,2025-04-21,16,0,5.50,0.1
Ikeda,42.990216,143.443579,3.0,2025-04-21,2025-04-21,0,1,2.30,50.0
Ikeda,42.990216,143.443579,3.0,2025-04-22,2025-04-21,1,1,0.20,0.0
Ikeda,42.990216,143.443579,3.0,2025-04-23,2025-04-21,2,0,3.80,50.7
Ikeda,42.990216,143.443579,3.0,2025-04-24,2025-04-21,3,0,6.40,7.5
Ikeda,42.990216,143.443579,3.0,2025-04-25,2025-04-21,4,0,5.60,5.1
Ikeda,42.990216,143.443579,3.0,2025-04-26,2025-04-21,5,1,-0.10,0.1
Ikeda,42.990216,143.443579,3.0,2025-04-27,2025-04-21,6,1,-1.30,0.0
Ikeda,42.990216,143.443579,3.0,2025-04-28,2025-04-21,7,1,-0.80,1.9
Ikeda,42.990216,143.443579,3.0,2025-04-29,2025-04-21,8,1,0.50,4.3
Ikeda,42.990216,143.443579,3.0,2025-04-30,2025-04-21,9,1,0.80,3.0
Ikeda,42.990216,143.443579,3.0,2025-05-01,2025-04-21,10,1,-1.90,0.1
Ikeda,42.990216,143.443579,3.0,2025-05-02,2025-04-21,11,0,4.30,17.7
Ikeda,42.990216,143.443579,3.0,2025-05-03,2025-04-21,12,0,7.20,13.1
Ikeda,42.990216,143.443579,3.0,2025-05-04,2025-04-21,13,0,5.60,15.5
Ikeda,42.990216,143.443579,3.0,2025-05-05,2025-04-21,14,0,3.30,8.7
Ikeda,42.990216,143.443579,3.0,2025-05-06,2025-04-21,15,1,0.50,0.6
Ikeda,42.990216,143.443579,3.0,2025-05-07,2025-04-21,16,0,5.50,6.0
Sarabetsu,42.656893,143.199584,-1.0,2025-04-21,2025-04-21,0,0,-0.10,0.0
Sarabetsu,42.656893,143.199584,-1.0,2025-04-22,2025-04-21,1,0,-0.60,95.9
Sarabetsu,42.656893,143.199584,-1.0,2025-04-23,2025-04-21,2,0,2.00,0.6
Sarabetsu,42.656893,143.199584,-1.0,2025-04-24,2025-04-21,3,0,5.50,3.7
Sarabetsu,42.656893,143.199584,-1.0,2025-04-25,2025-04-21,4,0,1.70,0.7
Sarabetsu,42.656893,143.199584,-1.0,2025-04-26,2025-04-21,5,0,0.10,4.9
Sarabetsu,42.656893,143.199584,-1.0,2025-04-27,2025-04-21,6,0,-0.30,6.3
Sarabetsu,42.656893,143.199584,-1.0,2025-04-28,2025-04-21,7,0,-0.80,35.8
Sarabetsu,42.656893,143.199584,-1.0,2025-04-29,2025-04-21,8,0,-0.20,18.0
Sarabetsu,42.656893,143.199584,-1.0,2025-04-30,2025-04-21,9,0,0.00,12.0
Sarabetsu,42.656893,143.199584,-1.0,2025-05-01,2025-04-21,10,1,-2.30,0.7
Sarabetsu,42.656893,143.199584,-1.0,2025-05-02,2025-04-21,11,0,2.60,5.7
Sarabetsu,42.656893,143.199584,-1.0,2025-05-03,2025-04-21,12,0,6.70,3.9
Sarabetsu,42.656893,143.199584,-1.0,2025-05-04,2025-04-21,13,0,4.40,5.7
Sarabetsu,42.656893,143.199584,-1.0,2025-05-05,2025-04-21,14,0,4.10,2.1
Sarabetsu,42.656893,143.199584,-1.0,2025-05-06,2025-04-21,15,0,3.20,1.8
Sarabetsu,42.656893,143.199584,-1.0,2025-05-07,2025-04-21,16,0,5.90,2.0
Sarabetsu,42.656893,143.199584,3.0,2025-04-21,2025-04-21,0,1,-0.10,50.0
Sarabetsu,42.656893,143.199584,3.0,2025-04-22,2025-04-21,1,1,-0.60,99.9
Sarabetsu,42.656893,143.199584,3.0,2025-04-23,2025-04-21,2,1,2.00,99.9
Sarabetsu,42.656893,143.199584,3.0,2025-04-24,2025-04-21,3,0,5.50,75.7
Sarabetsu,42.656893,143.199584,3.0,2025-04-25,2025-04-21,4,1,1.70,30.9
Sarabetsu,42.656893,143.199584,3.0,2025-04-26,2025-04-21,5,1,0.10,27.6
Sarabetsu,42.656893,143.199584,3.0,2025-04-27,2025-04-21,6,1,-0.30,15.6
Sarabetsu,42.656893,143.199584,3.0,2025-04-28,2025-04-21,7,1,-0.80,40.8
Sarabetsu,42.656893,143.199584,3.0,2025-04-29,2025-04-21,8,1,-0.20,30.2
Sarabetsu,42.656893,143.199584,3.0,2025-04-30,2025-04-21,9,1,0.00,23.4
Sarabetsu,42.656893,143.199584,3.0,2025-05-01,2025-04-21,10,1,-2.30,0.7
Sarabetsu,42.656893,143.199584,3.0,2025-05-02,2025-04-21,11,1,2.60,52.3
Sarabetsu,42.656893,143.199584,3.0,2025-05-03,2025-04-21,12,0,6.70,48.3
Sarabetsu,42.656893,143.199584,3.0,2025-05-04,2025-04-21,13,0,4.40,54.7
Sarabetsu,42.656893,143.199584,3.0,2025-05-05,2025-04-21,14,0,4.10,40.1
Sarabetsu,42.656893,143.199584,3.0,2025-05-06,2025-04-21,15,0,3.20,37.8
Sarabetsu,42.656893,143.199584,3.0,2025-05-07,2025-04-21,16,0,5.90,31.4
Memuro,42.656893,143.199584,-1.0,2025-04-21,2025-04-21,0,0,-0.10,0.0
Memuro,42.656893,143.199584,-1.0,2025-04-22,2025-04-21,1,0,-0.60,95.9
Memuro,42.656893,143.199584,-1.0,2025-04-23,2025-04-21,2,0,2.00,0.6
Memuro,42.656893,143.199584,-1.0,2025-04-24,2025-04-21,3,0,5.50,3.7
Memuro,42.656893,143.199584,-1.0,2025-04-25,2025-04-21,4,0,1.70,0.7
Memuro,42.656893,143.199584,-1.0,2025-04-26,2025-04-21,5,0,0.10,4.9
Memuro,42.656893,143.199584,-1.0,2025-04-27,2025-04-21,6,0,-0.30,6.3
Memuro,42.656893,143.199584,-1.0,2025-04-28,2025-04-21,7,0,-0.80,35.8
Memuro,42.656893,143.199584,-1.0,2025-04-29,2025-04-21,8,0,-0.20,18.0
Memuro,42.656893,143.199584,-1.0,2025-04-30,2025-04-21,9,0,0.00,12.0
Memuro,42.656893,143.199584,-1.0,2025-05-01,2025-04-21,10,1,-2.30,0.7
Memuro,42.656893,143.199584,-1.0,2025-05-02,2025-04-21,11,0,2.60,5.7
Memuro,42.656893,143.199584,-1.0,2025-05-03,2025-04-21,12,0,6.70,3.9
Memuro,42.656893,143.199584,-1.0,2025-05-04,2025-04-21,13,0,4.40,5.7
Memuro,42.656893,143.199584,-1.0,2025-05-05,2025-04-21,14,0,4.10,2.1
Memuro,42.656893,143.199584,-1.0,2025-05-06,2025-04-21,15,0,3.20,1.8
Memuro,42.656893,143.199584,-1.0,2025-05-07,2025-04-21,16,0,5.90,2.0
Memuro,42.656893,143.199584,3.0,2025-04-21,2025-04-21,0,1,-0.10,50.0
Memuro,42.656893,143.199584,3.0,2025-04-22,2025-04-21,1,1,-0.60,99.9
Memuro,42.656893,143.199584,3.0,2025-04-23,2025-04-21,2,1,2.00,99.9
Memuro,42.656893,143.199584,3.0,2025-04-24,2025-04-21,3,0,5.50,75.7
Memuro,42.656893,143.199584,3.0,2025-04-25,2025-04-21,4,1,1.70,30.9
Memuro,42.656893,143.199584,3.0,2025-04-26,2025-04-21,5,1,0.10,27.6
Memuro,42.656893,143.199584,3.0,2025-04-27,2025-04-21,6,1,-0.30,15.6
Memuro,42.656893,143.199584,3.0,2025-04-28,2025-04-21,7,1,-0.80,40.8
Memuro,42.656893,143.199584,3.0,2025-04-29,2025-04-21,8,1,-0.20,30.2
Memuro,42.656893,143.199584,3.0,2025-04-30,2025-04-21,9,1,0.00,23.4
Memuro,42.656893,143.199584,3.0,2025-05-01,2025-04-21,10,1,-2.30,0.7
Memuro,42.656893,143.199584,3.0,2025-05-02,2025-04-21,11,1,2.60,52.3
Memuro,42.656893,143.199584,3.0,2025-05-03,2025-04-21,12,0,6.70,48.3
Memuro,42.656893,143.199584,3.0,2025-05-04,2025-04-21,13,0,4.40,54.7
Memuro,42.656893,143.199584,3.0,2025-05-05,2025-04-21,14,0,4.10,40.1
Memuro,42.656893,143.199584,3.0,2025-05-06,2025-04-21,15,0,3.20,37.8
Memuro,42.656893,143.199584,3.0,2025-05-07,2025-04-21,16,0,5.90,31.4
Oketo,43.697422,143.620209,-1.0,2025-04-21,2025-04-21,0,0,0.20,0.0
Oketo,43.697422,143.620209,-1.0,2025-04-22,2025-04-21,1,0,0.00,0.1
Oketo,43.697422,143.620209,-1.0,2025-04-23,2025-04-21,2,0,3.60,0.0
Oketo,43.697422,143.620209,-1.0,2025-04-24,2025-04-21,3,0,-0.20,0.2
Oketo,43.697422,143.620209,-1.0,2025-04-25,2025-04-21,4,0,1.60,0.0
Oketo,43.697422,143.620209,-1.0,2025-04-26,2025-04-21,5,0,-0.10,0.0
Oketo,43.697422,143.620209,-1.0,2025-04-27,2025-04-21,6,0,0.30,1.4
Oketo,43.697422,143.620209,-1.0,2025-04-28,2025-04-21,7,1,-2.20,0.4
Oketo,43.697422,143.620209,-1.0,2025-04-29,2025-04-21,8,0,0.20,1.9
Oketo,43.697422,143.620209,-1.0,2025-04-30,2025-04-21,9,0,-0.10,1.9
Oketo,43.697422,143.620209,-1.0,2025-05-01,2025-04-21,10,0,0.60,2.7
Oketo,43.697422,143.620209,-1.0,2025-05-02,2025-04-21,11,0,3.40,0.7
Oketo,43.697422,143.620209,-1.0,2025-05-03,2025-04-21,12,0,8.30,0.9
Oketo,43.697422,143.620209,-1.0,2025-05-04,2025-04-21,13,0,4.30,1.0
Oketo,43.697422,143.620209,-1.0,2025-05-05,2025-04-21,14,0,3.90,0.7
Oketo,43.697422,143.620209,-1.0,2025-05-06,2025-04-21,15,0,2.00,0.4
Oketo,43.697422,143.620209,-1.0,2025-05-07,2025-04-21,16,0,1.30,0.6
Oketo,43.697422,143.620209,3.0,2025-04-21,2025-04-21,0,1,0.20,50.0
Oketo,43.697422,143.620209,3.0,2025-04-22,2025-04-21,1,1,0.00,86.2
Oketo,43.697422,143.620209,3.0,2025-04-23,2025-04-21,2,0,3.60,76.8
Oketo,43.697422,143.620209,3.0,2025-04-24,2025-04-21,3,1,-0.20,1.0
Oketo,43.697422,143.620209,3.0,2025-04-25,2025-04-21,4,1,1.60,2.8
Oketo,43.697422,143.620209,3.0,2025-04-26,2025-04-21,5,1,-0.10,0.2
Oketo,43.697422,143.620209,3.0,2025-04-27,2025-04-21,6,1,0.30,8.8
Oketo,43.697422,143.620209,3.0,2025-04-28,2025-04-21,7,1,-2.20,0.4
Oketo,43.697422,143.620209,3.0,2025-04-29,2025-04-21,8,1,0.20,6.7
Oketo,43.697422,143.620209,3.0,2025-04-30,2025-04-21,9,1,-0.10,4.4
Oketo,43.697422,143.620209,3.0,2025-05-01,2025-04-21,10,1,0.60,7.8
Oketo,43.697422,143.620209,3.0,2025-05-02,2025-04-21,11,0,3.40,17.9
Oketo,43.697422,143.620209,3.0,2025-05-03,2025-04-21,12,0,8.30,17.8
Oketo,43.697422,143.620209,3.0,2025-05-04,2025-04-21,13,0,4.30,18.4
Oketo,43.697422,143.620209,3.0,2025-05-05,2025-04-21,14,0,3.90,12.2
Oketo,43.697422,143.620209,3.0,2025-05-06,2025-04-21,15,1,2.00,5.3
Oketo,43.697422,143.620209,3.0,2025-05-07,2025-04-21,16,1,1.30,3.5
Bihoro,43.812070,144.135932,-1.0,2025-04-21,2025-04-21,0,0,0.60,0.0
Bihoro,43.812070,144.135932,-1.0,2025-04-22,2025-04-21,1,0,0.30,0.0
Bihoro,43.812070,144.135932,-1.0,2025-04-23,2025-04-21,2,0,0.30,0.0
Bihoro,43.812070,144.135932,-1.0,2025-04-24,2025-04-21,3,1,-1.80,0.2
Bihoro,43.812070,144.135932,-1.0,2025-04-25,2025-04-21,4,0,3.50,0.1
Bihoro,43.812070,144.135932,-1.0,2025-04-26,2025-04-21,5,0,0.90,0.1
Bihoro,43.812070,144.135932,-1.0,2025-04-27,2025-04-21,6,0,0.50,0.8
Bihoro,43.812070,144.135932,-1.0,2025-04-28,2025-04-21,7,0,0.30,5.5
Bihoro,43.812070,144.135932,-1.0,2025-04-29,2025-04-21,8,0,0.40,1.8
Bihoro,43.812070,144.135932,-1.0,2025-04-30,2025-04-21,9,0,0.40,1.8
Bihoro,43.812070,144.135932,-1.0,2025-05-01,2025-04-21,10,0,0.30,2.6
Bihoro,43.812070,144.135932,-1.0,2025-05-02,2025-04-21,11,0,4.10,0.5
Bihoro,43.812070,144.135932,-1.0,2025-05-03,2025-04-21,12,0,8.70,1.0
Bihoro,43.812070,144.135932,-1.0,2025-05-04,2025-04-21,13,0,5.20,1.4
Bihoro,43.812070,144.135932,-1.0,2025-05-05,2025-04-21,14,0,3.80,0.7
Bihoro,43.812070,144.135932,-1.0,2025-05-06,2025-04-21,15,0,3.50,0.4
Bihoro,43.812070,144.135932,-1.0,2025-05-07,2025-04-21,16,0,1.30,0.6
Bihoro,43.812070,144.135932,3.0,2025-04-21,2025-04-21,0,1,0.60,50.0
Bihoro,43.812070,144.135932,3.0,2025-04-22,2025-04-21,1,1,0.30,99.5
Bihoro,43.812070,144.135932,3.0,2025-04-23,2025-04-21,2,1,0.30,0.0
Bihoro,43.812070,144.135932,3.0,2025-04-24,2025-04-21,3,1,-1.80,0.2
Bihoro,43.812070,144.135932,3.0,2025-04-25,2025-04-21,4,0,3.50,28.3
Bihoro,43.812070,144.135932,3.0,2025-04-26,2025-04-21,5,1,0.90,2.6
Bihoro,43.812070,144.135932,3.0,2025-04-27,2025-04-21,6,1,0.50,7.4
Bihoro,43.812070,144.135932,3.0,2025-04-28,2025-04-21,7,1,0.30,20.5
Bihoro,43.812070,144.135932,3.0,2025-04-29,2025-04-21,8,1,0.40,7.3
Bihoro,43.812070,144.135932,3.0,2025-04-30,2025-04-21,9,1,0.40,6.3
Bihoro,43.812070,144.135932,3.0,2025-05-01,2025-04-21,10,1,0.30,6.3
Bihoro,43.812070,144.135932,3.0,2025-05-02,2025-04-21,11,0,4.10,15.0
Bihoro,43.812070,144.135932,3.0,2025-05-03,2025-04-21,12,0,8.70,19.0
Bihoro,43.812070,144.135932,3.0,2025-05-04,2025-04-21,13,0,5.20,20.2
Bihoro,43.812070,144.135932,3.0,2025-05-05,2025-04-21,14,0,3.80,12.3
Bihoro,43.812070,144.135932,3.0,2025-05-06,2025-04-21,15,0,3.50,10.9
Bihoro,43.812070,144.135932,3.0,2025-05-07,2025-04-21,16,1,1.30,3.6
Mori,42.076431,140.586743,-1.0,2025-04-21,2025-04-21,0,0,2.10,0.0
Mori,42.076431,140.586743,-1.0,2025-04-22,2025-04-21,1,0,1.70,0.0
Mori,42.076431,140.586743,-1.0,2025-04-23,2025-04-21,2,0,6.00,0.0
Mori,42.076431,140.586743,-1.0,2025-04-24,2025-04-21,3,0,6.90,0.0
Mori,42.076431,140.586743,-1.0,2025-04-25,2025-04-21,4,0,7.40,0.0
Mori,42.076431,140.586743,-1.0,2025-04-26,2025-04-21,5,0,7.00,0.0
Mori,42.076431,140.586743,-1.0,2025-04-27,2025-04-21,6,0,2.70,0.0
Mori,42.076431,140.586743,-1.0,2025-04-28,2025-04-21,7,0,0.80,1.0
Mori,42.076431,140.586743,-1.0,2025-04-29,2025-04-21,8,0,5.30,0.5
Mori,42.076431,140.586743,-1.0,2025-04-30,2025-04-21,9,0,2.00,0.7
Mori,42.076431,140.586743,-1.0,2025-05-01,2025-04-21,10,0,0.60,0.2
Mori,42.076431,140.586743,-1.0,2025-05-02,2025-04-21,11,0,6.20,0.0
Mori,42.076431,140.586743,-1.0,2025-05-03,2025-04-21,12,0,9.50,0.1
Mori,42.076431,140.586743,-1.0,2025-05-04,2025-04-21,13,0,6.80,0.1
Mori,42.076431,140.586743,-1.0,2025-05-05,2025-04-21,14,0,7.40,0.0
Mori,42.076431,140.586743,-1.0,2025-05-06,2025-04-21,15,0,6.20,0.0
Mori,42.076431,140.586743,-1.0,2025-05-07,2025-04-21,16,0,4.00,0.0
Mori,42.076431,140.586743,3.0,2025-04-21,2025-04-21,0,1,2.10,50.0
Mori,42.076431,140.586743,3.0,2025-04-22,2025-04-21,1,1,1.70,100.0
Mori,42.076431,140.586743,3.0,2025-04-23,2025-04-21,2,0,6.00,16.0
Mori,42.076431,140.586743,3.0,2025-04-24,2025-04-21,3,0,6.90,3.3
Mori,42.076431,140.586743,3.0,2025-04-25,2025-04-21,4,0,7.40,11.3
Mori,42.076431,140.586743,3.0,2025-04-26,2025-04-21,5,0,7.00,15.6
Mori,42.076431,140.586743,3.0,2025-04-27,2025-04-21,6,1,2.70,35.3
Mori,42.076431,140.586743,3.0,2025-04-28,2025-04-21,7,1,0.80,13.9
Mori,42.076431,140.586743,3.0,2025-04-29,2025-04-21,8,0,5.30,40.7
Mori,42.076431,140.586743,3.0,2025-04-30,2025-04-21,9,1,2.00,18.5
Mori,42.076431,140.586743,3.0,2025-05-01,2025-04-21,10,1,0.60,2.5
Mori,42.076431,140.586743,3.0,2025-05-02,2025-04-21,11,0,6.20,27.4
Mori,42.076431,140.586743,3.0,2025-05-03,2025-04-21,12,0,9.50,18.3
Mori,42.076431,140.586743,3.0,2025-05-04,2025-04-21,13,0,6.80,21.4
Mori,42.076431,140.586743,3.0,2025-05-05,2025-04-21,14,0,7.40,9.1
Mori,42.076431,140.586743,3.0,2025-05-06,2025-04-21,15,0,6.20,10.5
Mori,42.076431,140.586743,3.0,2025-05-07,2025-04-21,16,0,4.00,6.9
